<?xml version="1.0" encoding="utf-8" ?>
<Questions>
  <Question>
    <Title>At 6 p.m. I started to get angry with him because he was late ......</Title>
    <Answers>
      <Answer correct="true">as usual</Answer>
      <Answer>in general</Answer>
      <Answer>typically</Answer>
      <Answer>usually</Answer>
    </Answers>
  </Question>

  <Question>
    <Title>When a car pulled out in front of her, Jane did well not to ...... control of her bicycle.</Title>
    <Answers>
      <Answer>miss</Answer>
      <Answer correct="true">lose</Answer>
      <Answer>fail</Answer>
      <Answer>drop</Answer>
    </Answers>
  </Question>

  <Question>
    <Title>...... you get your father's permission, I'll take you skiing next weekend.</Title>
    <Answers>
      <Answer>Although</Answer>
      <Answer correct="true">Provided</Answer>
      <Answer>As</Answer>
      <Answer>Unless</Answer>
    </Answers>
  </Question>

  <Question>
    <Title>I really enjoy stories that are ...... in the distant future.</Title>
    <Answers>
      <Answer>found</Answer>
      <Answer correct="true">set</Answer>
      <Answer>put</Answer>
      <Answer>placed</Answer>
    </Answers>
  </Question>

  <Question>
    <Title>A local company has agreed to ...... the school team with football shirts.</Title>
    <Answers>
      <Answer>contribute</Answer>
      <Answer correct="true">supply</Answer>
      <Answer>give</Answer>
      <Answer>produce</Answer>
    </Answers>
  </Question>

  <Question>
    <Title>I wish I ...... get up early every morning!</Title>
    <Answers>
      <Answer correct="true">didn't have to</Answer>
      <Answer>mustn't</Answer>
      <Answer>hadn't</Answer>
      <Answer>wouldn't have to</Answer>
    </Answers>
  </Question>

  <Question>
    <Title>Please remain seated ...... the plane has come to a complete standstill.</Title>
    <Answers>
      <Answer>as</Answer>
      <Answer>while</Answer>
      <Answer correct="true">until</Answer>
      <Answer>as soon as</Answer>
    </Answers>
  </Question>

  <Question>
    <Title>If I ...... earlier, I wouldn't have been late for work.</Title>
    <Answers>
      <Answer>left</Answer>
      <Answer>was leaving</Answer>
      <Answer correct="true">had left</Answer>
      <Answer>have left</Answer>
    </Answers>
  </Question>

  <Question>
    <Title>I wish I ...... more at college. I'd have a better job now!</Title>
    <Answers>
      <Answer>studied</Answer>
      <Answer>had been studying</Answer>
      <Answer correct="true">had studied</Answer>
      <Answer>would have studied</Answer>
    </Answers>
  </Question>

  <Question>
    <Title>How much time do you spend ...... English?</Title>
    <Answers>
      <Answer>study</Answer>
      <Answer correct="true">studying</Answer>
      <Answer>to study</Answer>
      <Answer>studied</Answer>
    </Answers>
  </Question>

  <Question>
    <Title>Are you going to the cafe? ...... with you.</Title>
    <Answers>
      <Answer correct="true">I'll come</Answer>
      <Answer>I come</Answer>
      <Answer>I can be coming</Answer>
      <Answer>I'm come</Answer>
    </Answers>
  </Question>

  <Question>
    <Title>Chen's looking forward ...... his new job next week.</Title>
    <Answers>
      <Answer correct="true">to starting</Answer>
      <Answer>to start</Answer>
      <Answer>starting</Answer>
      <Answer>in starting</Answer>
    </Answers>
  </Question>

  <Question>
    <Title>My mother ...... me to buy some tea.</Title>
    <Answers>
      <Answer correct="true">told</Answer>
      <Answer>said</Answer>
      <Answer>spoke to</Answer>
      <Answer>told to</Answer>
    </Answers>
  </Question>

  <Question>
    <Title>I was ...... when I heard I'd got the job.</Title>
    <Answers>
      <Answer correct="true">pleased</Answer>
      <Answer>pleasing</Answer>
      <Answer>excitable</Answer>
      <Answer>exciting</Answer>
    </Answers>
  </Question>

  <Question>
    <Title>Do you fancy ...... away for the weekend?</Title>
    <Answers>
      <Answer>go</Answer>
      <Answer>to go</Answer>
      <Answer correct="true">going</Answer>
      <Answer>be going</Answer>
    </Answers>
  </Question>
</Questions>