<?xml version="1.0" encoding="utf-8" ?>
<Questions>

  <Question>
    <Title>You should not have a dog if you are not ...... to look after it.</Title>
    <Answers>
      <Answer correct="true">prepared</Answer>
      <Answer>adapted</Answer>
      <Answer>arranged</Answer>
      <Answer>decided</Answer>
    </Answers>
  </Question>

  <Question>
    <Title>She is now taking a more positive ...... to her studies and should do well.</Title>
    <Answers>
      <Answer correct="true">attitude</Answer>
      <Answer>behaviour</Answer>
      <Answer>manner</Answer>
      <Answer>style</Answer>
    </Answers>
  </Question>

  <Question>
    <Title>The builders are ...... good progress with the new house.</Title>
    <Answers>
      <Answer>getting</Answer>
      <Answer>doing</Answer>
      <Answer correct="true">making</Answer>
      <Answer>taking</Answer>
    </Answers>
  </Question>

  <Question>
    <Title>According to Richard's ...... the train leaves at 7 o'clock.</Title>
    <Answers>
      <Answer>opinion</Answer>
      <Answer>advice</Answer>
      <Answer>knowledge</Answer>
      <Answer correct="true">information</Answer>
    </Answers>
  </Question>

  <Question>
    <Title>When you stay in a country for some time you get used to the people's ...... of life.</Title>
    <Answers>
      <Answer>habit</Answer>
      <Answer>custom</Answer>
      <Answer correct="true">way</Answer>
      <Answer>system</Answer>
    </Answers>
  </Question>

  <Question>
    <Title>What is this ...... in English? I can't remember.</Title>
    <Answers>
      <Answer correct="true">called</Answer>
      <Answer>said</Answer>
      <Answer>named</Answer>
      <Answer>spoken</Answer>
    </Answers>
  </Question>

  <Question>
    <Title>There's ...... in applying for the job. I'm not qualified for it.</Title>
    <Answers>
      <Answer>no reason</Answer>
      <Answer correct="true">no point</Answer>
      <Answer>no worth</Answer>
      <Answer>no chance</Answer>
    </Answers>
  </Question>

  <Question>
    <Title>It's ...... to go climbing alone.</Title>
    <Answers>
      <Answer>danger</Answer>
      <Answer correct="true">risky</Answer>
      <Answer>hazard</Answer>
      <Answer>threatening</Answer>
    </Answers>
  </Question>

  <Question>
    <Title>It's almost midnight. He ...... be coming now!</Title>
    <Answers>
      <Answer correct="true">can't</Answer>
      <Answer>mustn't</Answer>
      <Answer>mightn't</Answer>
      <Answer>can</Answer>
    </Answers>
  </Question>

  <Question>
    <Title>Pablo denied ...... the money.</Title>
    <Answers>
      <Answer>having took</Answer>
      <Answer>to have taken</Answer>
      <Answer correct="true">having taken</Answer>
      <Answer>had taken</Answer>
    </Answers>
  </Question>

  <Question>
    <Title>Hurry up or we'll ...... our train!</Title>
    <Answers>
      <Answer>lose</Answer>
      <Answer>fail</Answer>
      <Answer>catch</Answer>
      <Answer correct="true">miss</Answer>
    </Answers>
  </Question>

  <Question>
    <Title>By 2020 I think we will ...... a settlement on Mars.</Title>
    <Answers>
      <Answer correct="true">have built</Answer>
      <Answer>have been building</Answer>
      <Answer>be built</Answer>
      <Answer>built</Answer>
    </Answers>
  </Question>

  <Question>
    <Title>There is ...... traffic in Bangkok.</Title>
    <Answers>
      <Answer>plenty of</Answer>
      <Answer>a lot</Answer>
      <Answer correct="true">too much</Answer>
      <Answer>too many</Answer>
    </Answers>
  </Question>

  <Question>
    <Title>There were ...... of people at the football match on Friday.</Title>
    <Answers>
      <Answer>a great deal</Answer>
      <Answer>a large amount</Answer>
      <Answer>many</Answer>
      <Answer correct="true">hundreds</Answer>
    </Answers>
  </Question>

  <Question>
    <title>She ...... at me and then turned away.</title>
    <Answers>
      <answer>viewed</answer>
      <answer>regarded</answer>
      <answer>responded</answer>
      <answer correct="true">glanced</answer>
    </Answers>
  </Question>
</Questions>