<?xml version="1.0" encoding="utf-8" ?>
<Questions>
  <Question>
    <Title>When can we meet again?</Title>
    <Answers>
      <Answer correct="true">When are you free?</Answer>
      <Answer>It was two days ago.</Answer>
      <Answer>Can you help me?</Answer>
    </Answers>
  </Question>

  <Question>
    <Title>My aunt is going to stay with me.</Title>
    <Answers>
      <Answer>How do you do?</Answer>
      <Answer correct="true">How long for?</Answer>
      <Answer>How was it?</Answer>
    </Answers>
  </Question>

  <Question>
    <Title>Would you prefer lemonade or orange juice?</Title>
    <Answers>
      <Answer correct="true">Have you got anything else?</Answer>
      <Answer>If you like.</Answer>
      <Answer>Are you sure about that?</Answer>
    </Answers>
  </Question>

  <Question>
    <Title>What differences are there ...... the English spoken in the UK and the English spoken in the US?</Title>
    <Answers>
      <Answer>among</Answer>
      <Answer correct="true">between</Answer>
      <Answer>beside</Answer>
      <Answer>with</Answer>
    </Answers>
  </Question>

  <Question>
    <Title>....... to go out to an Italian restaurant tonight?</Title>
    <Answers>
      <Answer>Do you like</Answer>
      <Answer>Are you liking</Answer>
      <Answer>You like</Answer>
      <Answer correct="true">Would you like</Answer>
    </Answers>
  </Question>

  <Question>
    <Title>Tom ...... English</Title>
    <Answers>
      <Answer>are</Answer>
      <Answer>am</Answer>
      <Answer correct="true">is</Answer>
      <Answer>be</Answer>
    </Answers>
  </Question>

  <Question>
    <Title>...... there a restaurant near here?</Title>
    <Answers>
      <Answer>Are</Answer>
      <Answer>Have</Answer>
      <Answer>Do</Answer>
      <Answer correct="true">Is</Answer>
    </Answers>
  </Question>

  <Question>
    <Title>I didn't ...... TV last night.</Title>
    <Answers>
      <Answer>not watched</Answer>
      <Answer correct="true">watch</Answer>
      <Answer>watching</Answer>
      <Answer>watched</Answer>
    </Answers>
  </Question>

  <Question>
    <Title>Look! The bus ......</Title>
    <Answers>
      <Answer>leaves</Answer>
      <Answer>leaving</Answer>
      <Answer>does leave</Answer>
      <Answer correct="true">is leaving</Answer>
    </Answers>
  </Question>

  <Question>
    <Title>Dubai has ...... building in the world.</Title>
    <Answers>
      <Answer>bigger</Answer>
      <Answer>the most tall</Answer>
      <Answer correct="true">the tallest</Answer>
      <Answer>tall</Answer>
    </Answers>
  </Question>

  <Question>
    <Title>You're from New York, ......?</Title>
    <Answers>
      <Answer>isn't it</Answer>
      <Answer correct="true">aren't you</Answer>
      <Answer>don't you</Answer>
      <Answer>you are</Answer>
    </Answers>
  </Question>

  <Question>
    <Title>You should ...... for directions if you're lost.</Title>
    <Answers>
      <Answer>asked</Answer>
      <Answer>asking</Answer>
      <Answer>to ask</Answer>
      <Answer correct="true">ask</Answer>
    </Answers>
  </Question>

  <Question>
    <Title>A lot of products ...... in China.</Title>
    <Answers>
      <Answer correct="true">are made</Answer>
      <Answer>made</Answer>
      <Answer>are making</Answer>
      <Answer>is made</Answer>
    </Answers>
  </Question>

  <Question>
    <Title>Mark: I've had a headache for three days.\nSue: ...... to the doctors.</Title>
    <Answers>
      <Answer>You should</Answer>
      <Answer correct="true">If I were you I'd go</Answer>
      <Answer>Try go</Answer>
      <Answer>You must</Answer>
    </Answers>
  </Question>

  <Question>
    <Title>To get Post Office, ...... at end of this road.</Title>
    <Answers>
      <Answer>go along</Answer>
      <Answer>go over</Answer>
      <Answer correct="true">turn right</Answer>
      <Answer>go past</Answer>
    </Answers>
  </Question>
</Questions>